Precio,Codígo RAH,Tipo de Propiedad,Estilo,Área Privada,Terreno,Estado Del Inmueble,Dormitorios,Total Baños,Baños Completos,Tipo De Estacionamiento,Puestos De Estacionamiento,Amoblado,Dormitorio De Servicio,Calle,País,Estado,Ciudad,Urbanización,Medios Baños
498000,VE 23-26224,Casa,1 Nivel,948,948,Usado,5,8,8,Cubierto,10.0,Si,Si,Publica,Venezuela,Distrito Metropolitano,Caracas,Lomas del Club Hipico,0.0
240000,VE 23-26220,Casa,Multipes Niveles,307,704,Usado,5,6,5,Descubierto,4.0,No,Si,Cerrada con Vigilancia,Venezuela,Distrito Metropolitano,Caracas,El Marques,1.0
580000,VE 23-26215,Casa,1 Nivel,380,1251,Usado,5,6,5,Cubierto,5.0,No,Si,Cerrada con Vigilancia,Venezuela,Distrito Metropolitano,Caracas,Prados del Este,1.0
380000,VE 23-26209,Casa,Duplex,580,504,Usado,4,5,4,Cubierto,3.0,No,Si,Cerrada con Vigilancia,Venezuela,Distrito Metropolitano,Caracas,Sorocaima,1.0
270000,VE 23-26196,Casa,Multipes Niveles,400,617,Usado,4,3,3,Cubierto,5.0,No,Si,Cerrada con Vigilancia,Venezuela,Distrito Metropolitano,Caracas,Lomas del Halcon,0.0
120000,VE 23-26191,Casa,Duplex,356,566,Usado,5,5,5,Descubierto,5.0,No,No,Cerrada con Vigilancia,Venezuela,Distrito Metropolitano,Caracas,El Marques,0.0
195000,VE 23-26190,Casa,Duplex,400,344,Usado,6,5,4,Cubierto,4.0,Parcialmente,No,Cerrada con Vigilancia,Venezuela,Distrito Metropolitano,Caracas,Terrazas del Club Hipico,1.0
260000,VE 23-26189,Casa,Multipes Niveles,700,540,Usado,5,6,5,Cubierto,5.0,No,Si,Cerrada con Vigilancia,Venezuela,Distrito Metropolitano,Caracas,Prados del Este,1.0
40000,VE 23-26188,Casa,Duplex,120,75,Usado,4,4,3,Cubierto,2.0,Parcialmente,No,Cerrada con Vigilancia,Venezuela,Lara,Cabudare,Casa Linda,1.0
14200,VE 23-26187,Casa,1 Nivel,68,130,Usado,3,2,2,Cubierto,,No,No,Cerrada con Vigilancia,Venezuela,Lara,Cabudare,La Mora,0.0
230000,VE 23-26179,Casa,Duplex,340,450,Usado,5,6,6,Cubierto,,Si,Si,Publica,Venezuela,Lara,Barquisimeto,Del Este,0.0
50000,VE 23-26174,Casa,Multipes Niveles,90,90,Usado,9,4,4,Ninguno,,Parcialmente,No,Publica,Venezuela,Distrito Metropolitano,Caracas,Ruperto Lugo,0.0
109000,VE 23-26173,Casa,Colonial,257,665,Usado,4,5,4,Descubierto,7.0,Parcialmente,No,Cerrada con Vigilancia,Venezuela,Distrito Metropolitano,Caracas,Oripoto,1.0
60000,VE 23-26172,Casa,Duplex,600,300,Usado,5,6,6,Cubierto,2.0,No,No,Publica,Venezuela,Yaracuy,Nirgua,Sector El Kiosko,0.0
295000,VE 23-26170,Casa,Multipes Niveles,450,509,Usado,4,6,5,Cubierto,4.0,No,Si,Cerrada con Vigilancia,Venezuela,Distrito Metropolitano,Caracas,Santa Paula,1.0
160000,VE 23-26166,Casa,1 Nivel,480,480,Usado,6,6,5,Descubierto,5.0,No,No,Publica,Venezuela,Distrito Metropolitano,Caracas,La Florida,1.0
185000,VE 23-26164,Casa,Multipes Niveles,400,563,Usado,4,4,3,Descubierto,4.0,No,Si,Cerrada con Vigilancia,Venezuela,Distrito Metropolitano,Caracas,El Hatillo,1.0
220000,VE 23-26162,Casa,Multipes Niveles,625,1200,Usado,7,9,7,Descubierto,8.0,Parcialmente,Si,Publica,Venezuela,Distrito Metropolitano,Caracas,Oripoto,2.0
310000,VE 23-26159,Casa,Multipes Niveles,720,512,Usado,5,6,5,Cubierto,3.0,Parcialmente,Si,Publica,Venezuela,Distrito Metropolitano,Caracas,Colinas de Santa Monica,1.0
260000,VE 23-26150,Casa,Multipes Niveles,760,910,Usado,7,10,8,Cubierto,12.0,Parcialmente,Si,Publica,Venezuela,Distrito Metropolitano,Caracas,El Marques,2.0
150000,VE 23-26147,Casa,1 Nivel,549,800,Usado,4,2,2,Descubierto,3.0,No,No,Publica,Venezuela,Aragua,Maracay,La Floresta,0.0
140000,VE 23-26146,Casa,1 Nivel,400,239,Usado,6,4,4,Cubierto,2.0,Si,No,Publica,Venezuela,Distrito Metropolitano,Caracas,Los Rosales,0.0
1800000,VE 23-26134,Casa,Contemporaneo,800,2019,Usado,6,7,6,Cubierto,7.0,No,Si,Cerrada con Vigilancia,Venezuela,Distrito Metropolitano,Caracas,Cerro Verde,1.0
88000,VE 23-26133,Casa,Casas de Campo,260,1288,Usado,3,4,3,Descubierto,4.0,Parcialmente,Si,Cerrada con Vigilancia,Venezuela,Distrito Metropolitano,Caracas,Loma Larga,1.0
550000,VE 23-26132,Casa,1 Nivel,95000,95000,Usado,9,6,6,Descubierto,20.0,Parcialmente,Si,Calle Ciega,Venezuela,Vargas,El Junquito-Vargas,El Junko Country Club,0.0
20000,VE 23-26119,Casa,1 Nivel,189,189,Usado,3,2,2,Cubierto,2.0,No,No,Publica,Venezuela,Aragua,Cagua,Ciudad Jardin,0.0
18900,VE 23-26116,Casa,1 Nivel,121,71,Usado,2,2,2,Descubierto,2.0,No,No,Cerrada con Vigilancia,Venezuela,Lara,Cabudare,La Mata,0.0
45000,VE 23-26114,Casa,1 Nivel,187,474,Usado,4,3,3,Cubierto,4.0,No,No,Publica,Venezuela,Distrito Metropolitano,Caracas,El Junquito,0.0
170000,VE 23-26106,Casa,Multipes Niveles,230,230,Usado,3,4,4,Cubierto,,No,No,Publica,Venezuela,Miranda,Carrizal,Municipio Carrizal,0.0
183000,VE 23-26102,Casa,1 Nivel,300,2041,Usado,4,4,4,Cubierto,,Si,No,Cerrada con Vigilancia,Venezuela,Lara,Cabudare,Tarabana,0.0
180000,VE 23-26100,Casa,Multipes Niveles,300,542,Usado,4,4,3,Descubierto,,Parcialmente,Si,Cerrada con Vigilancia,Venezuela,Distrito Metropolitano,Caracas,La Trinidad,1.0
250,VE 23-26091,Casa,1 Nivel,308,308,Usado,3,2,2,Cubierto,3.0,No,Si,Publica,Venezuela,Lara,Barquisimeto,Centro,0.0
590000,VE 23-26083,Casa,1 Nivel,420,450,Usado,5,6,6,Cubierto,3.0,No,Si,Cerrada con Vigilancia,Venezuela,Lara,Barquisimeto,Barici,0.0
18000,VE 23-26079,Casa,1 Nivel,250,250,Usado,3,1,1,Descubierto,4.0,No,No,Publica,Venezuela,Lara,Cabudare,La Piedad Norte,0.0
23000,VE 23-26078,Casa,Duplex,112,112,Usado,4,3,3,Descubierto,2.0,No,No,Calle Ciega,Venezuela,Lara,Cabudare,Piedra Azul,0.0
12000,VE 23-26076,Casa,1 Nivel,250,250,Usado,3,1,1,Cubierto,,No,No,Publica,Venezuela,Lara,Cabudare,La Piedad Norte,0.0
590000,VE 23-26069,Casa,1 Nivel,636,430,Usado,5,8,7,Cubierto,4.0,Si,Si,Cerrada con Vigilancia,Venezuela,Distrito Metropolitano,Caracas,Prados del Este,1.0
32000,VE 23-26068,Casa,Duplex,320,149,Usado,4,4,3,Cubierto,2.0,No,No,Cerrada con Vigilancia,Venezuela,Miranda,Los Teques,Los Teques,1.0
240000,VE 23-26066,Casa,Duplex,360,360,Usado,4,5,4,Cubierto,5.0,Si,No,Publica,Venezuela,Zulia,Maracaibo,Monte Claro,1.0
55000,VE 23-26063,Casa,1 Nivel,75,159,Usado,2,2,2,Cubierto,1.0,Si,No,Calle Ciega,Venezuela,Aragua,La Colonia Tovar,La Colonia Tovar,0.0
660000,VE 23-26057,Casa,Multipes Niveles,500,500,Nuevo,5,5,5,Cubierto,4.0,No,Si,Publica,Venezuela,Distrito Metropolitano,Caracas,Lomas de La Lagunita,0.0
750000,VE 23-26056,Casa,Multipes Niveles,1800,1114,Usado,6,9,3,Cubierto,6.0,No,Si,Publica,Venezuela,Distrito Metropolitano,Caracas,Las Palmas,6.0
85000,VE 23-26055,Casa,1 Nivel,400,750,Usado,3,3,3,Cubierto,5.0,No,No,Publica,Venezuela,Aragua,Maracay,El Limon,0.0
850000,VE 23-26054,Casa,Multipes Niveles,1032,525,Usado,5,8,5,Cubierto,6.0,Parcialmente,Si,Cerrada con Vigilancia,Venezuela,Distrito Metropolitano,Caracas,Lomas de La Lagunita,3.0
35000,VE 23-26053,Casa,Multipes Niveles,130,130,Usado,6,3,3,Cubierto,2.0,No,No,Publica,Venezuela,Aragua,Maracay,Jose Felix Ribas,0.0
45000,VE 23-26040,Casa,Multipes Niveles,17172,85,Usado,4,1,1,Ninguno,0.0,Si,No,Publica,Venezuela,Distrito Metropolitano,Caracas,Catia,0.0
49000,VE 23-26032,Casa,Duplex,205,158,Usado,3,3,2,Descubierto,2.0,No,No,Cerrada con Vigilancia,Venezuela,Lara,Cabudare,Centro,1.0
155000,VE 23-26026,Casa,1 Nivel,700,1482,Usado,3,4,3,Cubierto,5.0,Parcialmente,Si,Calle Ciega,Venezuela,Nueva Esparta,Margarita,Guacuco,1.0
19000,VE 23-26025,Casa,1 Nivel,180,141,Usado,4,2,2,Ninguno,,No,No,Publica,Venezuela,Lara,Cabudare,El Trigal,0.0
79000,VE 23-26019,Casa,1 Nivel,256,256,Usado,5,1,1,Cubierto,5.0,No,No,Cerrada con Vigilancia,Venezuela,Aragua,Turmero,Valle Lindo de Turmero,0.0
25000,VE 23-26018,Casa,Duplex,389,330,Usado,4,3,3,Cubierto,4.0,Parcialmente,Si,Publica,Venezuela,Falcon,Punto Fijo,Judibana,0.0
20000,VE 23-26017,Casa,1 Nivel,170,170,Usado,4,1,1,Ninguno,,No,No,Publica,Venezuela,Lara,Barquisimeto,Centro,0.0
38000,VE 23-26016,Casa,Multipes Niveles,150,150,Usado,3,4,3,Cubierto,2.0,Parcialmente,No,Cerrada con Vigilancia,Venezuela,Miranda,Guatire,La Esperanza,1.0
45000,VE 23-26014,Casa,1 Nivel,200,293,Usado,3,2,2,Cubierto,1.0,No,No,Publica,Venezuela,Lara,Cabudare,Valle Hondo,0.0
17500,VE 23-26012,Casa,1 Nivel,135,150,Usado,3,2,2,Descubierto,1.0,No,No,Cerrada con Vigilancia,Venezuela,Lara,Cabudare,La Mora,0.0
16000,VE 23-26011,Casa,1 Nivel,58,180,Usado,3,2,2,Cubierto,3.0,No,No,Cerrada con Vigilancia,Venezuela,Aragua,Cagua,El Bosque,0.0
42500,VE 23-26000,Casa,Multipes Niveles,400,100,Usado,4,2,2,Ninguno,0.0,No,No,Calle Ciega,Venezuela,Distrito Metropolitano,Caracas,Catia,0.0
18000,VE 23-25995,Casa,Multipes Niveles,127,127,Usado,4,2,2,Cubierto,2.0,No,No,Publica,Venezuela,Falcon,La Vela de Coro,Las Calderas,0.0
115000,VE 23-25991,Casa,Duplex,240,270,Usado,5,4,4,Cubierto,3.0,No,Si,Cerrada con Vigilancia,Venezuela,Distrito Metropolitano,Caracas,Montalban I,0.0
200000,VE 23-25981,Casa,Multipes Niveles,423,423,Usado,5,3,3,Cubierto,4.0,No,Si,Publica,Venezuela,Distrito Metropolitano,Caracas,El Cafetal,0.0
170000,VE 23-25980,Casa,Duplex,424,424,Usado,5,5,5,Cubierto,4.0,No,Si,Cerrada con Vigilancia,Venezuela,Miranda,Municipio Guaicaipuro,Los Nuevos Teques,0.0
125000,VE 23-25979,Casa,Multipes Niveles,420,650,Usado,4,5,4,Cubierto,5.0,Parcialmente,Si,Calle Ciega,Venezuela,Miranda,Guatire,Guatire,1.0
100000,VE 23-25978,Casa,Multipes Niveles,280,159,Usado,3,3,2,Descubierto,5.0,No,Si,Cerrada con Vigilancia,Venezuela,Distrito Metropolitano,Caracas,La California Norte,1.0
380000,VE 23-25967,Casa,Multipes Niveles,478,100,Usado,8,9,8,Cubierto,4.0,No,Si,Publica,Venezuela,Distrito Metropolitano,Caracas,San Bernardino,1.0
18000,VE 23-25962,Casa,Multipes Niveles,112,112,Usado,3,2,2,Descubierto,2.0,No,No,Publica,Venezuela,Falcon,La Vela de Coro,Las Calderas,0.0
170000,VE 23-25953,Casa,Duplex,177,249,Usado,3,5,4,Cubierto,2.0,No,Si,Cerrada con Vigilancia,Venezuela,Distrito Metropolitano,Caracas,La Union,1.0
30000,VE 23-25948,Casa,Multipes Niveles,112,377,Usado,4,3,3,Descubierto,3.0,No,No,Publica,Venezuela,Falcon,Coro,Sector Concordia,0.0
330000,VE 23-25947,Casa,Multipes Niveles,1846,351,Usado,13,9,9,Descubierto,4.0,No,No,Cerrada con Vigilancia,Venezuela,Distrito Metropolitano,Caracas,El Marques,0.0
100000,VE 23-25943,Casa,Duplex,400,450,Usado,6,6,6,Cubierto,3.0,No,No,Publica,Venezuela,Trujillo,Trujillo,Carmona,0.0
180000,VE 23-25938,Casa,1 Nivel,120,468,Usado,5,3,3,Cubierto,5.0,No,Si,Publica,Venezuela,Distrito Metropolitano,Caracas,La Trinidad,0.0
22000,VE 23-25937,Casa,1 Nivel,220,220,Usado,4,4,4,Cubierto,,No,No,Cerrada con Vigilancia,Venezuela,Lara,Cabudare,La Mata,0.0
150000,VE 23-25935,Casa,Duplex,450,450,Usado,5,4,4,Cubierto,1.0,No,Si,Publica,Venezuela,Trujillo,Valera,El Country,0.0
110000,VE 23-25933,Casa,Duplex,300,500,Usado,4,4,3,Cubierto,4.0,No,No,Cerrada con Vigilancia,Venezuela,Vargas,Catia La Mar,La colina de Catia la mar,1.0
160000,VE 23-25932,Casa,Multipes Niveles,525,525,Usado,6,4,4,Cubierto,,Parcialmente,No,Cerrada con Vigilancia,Venezuela,Lara,Barquisimeto,Los Libertadores,0.0
120000,VE 23-25922,Casa,Multipes Niveles,400,400,Usado,10,7,7,Descubierto,15.0,No,No,Publica,Venezuela,Distrito Metropolitano,Caracas,Coche,0.0
45000,VE 23-25918,Casa,Duplex,206,210,Usado,3,4,3,Cubierto,2.0,Si,No,Publica,Venezuela,Aragua,Maracay,La Mulera,1.0
30000,VE 23-25915,Casa,Duplex,108,108,Usado,4,3,3,Cubierto,2.0,No,No,Cerrada con Vigilancia,Venezuela,Lara,Cabudare,Prados del Golf,0.0
32000,VE 23-25912,Casa,1 Nivel,145,238,Usado,3,2,2,Cubierto,,No,No,Cerrada con Vigilancia,Venezuela,Aragua,Cagua,Corinsa,0.0
95000,VE 23-25910,Casa,Multipes Niveles,378,162,Nuevo,7,7,7,Cubierto,4.0,Parcialmente,No,Cerrada con Vigilancia,Venezuela,Aragua,Maracay,Villas de Aragua,0.0
28000,VE 23-25907,Casa,Duplex,130,144,Usado,3,4,4,Descubierto,2.0,No,No,Cerrada con Vigilancia,Venezuela,Lara,Cabudare,Trapiche Villas,0.0
135000,VE 23-25903,Casa,1 Nivel,181,181,Usado,3,3,3,Cubierto,3.0,Parcialmente,No,Cerrada con Vigilancia,Venezuela,Lara,Barquisimeto,Ciudad Roca,0.0
220000,VE 23-25898,Casa,Multipes Niveles,264,1992,Usado,4,4,3,Descubierto,4.0,No,Si,Cerrada con Vigilancia,Venezuela,Distrito Metropolitano,Caracas,La Union,1.0
20000,VE 23-25896,Casa,Duplex,230,130,Usado,4,4,3,Cubierto,1.0,No,No,Cerrada con Vigilancia,Venezuela,Lara,Cabudare,El Paraiso,1.0
15750,VE 23-25893,Casa,1 Nivel,131,131,Usado,2,3,3,Descubierto,2.0,No,No,Cerrada con Vigilancia,Venezuela,Lara,Cabudare,Prados del Golf,0.0
140000,VE 23-25888,Casa,Multipes Niveles,433,155,Usado,6,9,9,Cubierto,2.0,No,Si,Publica,Venezuela,Lara,Barquisimeto,Centro,0.0
300000,VE 23-25884,Casa,Duplex,411,411,Usado,4,5,4,Cubierto,2.0,No,Si,Publica,Venezuela,Distrito Metropolitano,Caracas,Santa Paula,1.0
32000,VE 23-25876,Casa,1 Nivel,200,63,Usado,3,2,2,Descubierto,2.0,Si,No,Publica,Venezuela,Nueva Esparta,Margarita,Guatamare,0.0
16000,VE 23-25874,Casa,1 Nivel,196,196,Usado,3,1,1,Cubierto,3.0,No,No,Publica,Venezuela,Lara,Barquisimeto,Parroquia Juan de Villegas,0.0
242000,VE 23-25869,Casa,Duplex,440,2100,Usado,3,6,5,Cubierto,5.0,No,Si,Publica,Venezuela,Distrito Metropolitano,Caracas,Oripoto,1.0
100000,VE 23-25865,Casa,Duplex,154,154,Usado,4,3,2,Descubierto,3.0,Parcialmente,No,Cerrada con Vigilancia,Venezuela,Lara,Cabudare,Villa Paris,1.0
35000,VE 23-25862,Casa,Duplex,41,75,Usado,4,3,3,Cubierto,1.0,No,No,Publica,Venezuela,Trujillo,Trujillo,Carmona,0.0
320000,VE 23-25857,Casa,Duplex,450,1067,Usado,4,3,3,Cubierto,7.0,No,Si,Publica,Venezuela,Distrito Metropolitano,Caracas,Las Marias,0.0
150000,VE 23-25852,Casa,Multipes Niveles,270,545,Usado,3,5,3,Cubierto,4.0,No,Si,Cerrada con Vigilancia,Venezuela,Distrito Metropolitano,Caracas,Oripoto,2.0
260000,VE 23-25841,Casa,Duplex,671,671,Usado,4,5,4,Cubierto,,Si,Si,Cerrada con Vigilancia,Venezuela,Distrito Metropolitano,Caracas,El Cafetal,1.0
55000,VE 23-25832,Casa,1 Nivel,363,662,Usado,4,4,4,Descubierto,5.0,No,No,Cerrada con Vigilancia,Venezuela,Portuguesa,Araure,San Jose,0.0
10000,VE 23-25830,Casa,1 Nivel,144,144,Usado,3,2,2,Cubierto,,No,No,Cerrada con Vigilancia,Venezuela,Merida,Lagunillas,Lagunillas,0.0
70000,VE 23-25829,Casa,1 Nivel,300,555,Usado,4,5,4,Cubierto,4.0,Parcialmente,Si,Cerrada con Vigilancia,Venezuela,Falcon,Punto Fijo,Zarabon,1.0
43500,VE 23-25823,Casa,1 Nivel,62,62,Usado,3,3,2,Cubierto,1.0,Si,No,Cerrada con Vigilancia,Venezuela,Lara,Cabudare,Caminos de Tarabana,1.0
19000,VE 23-25818,Casa,1 Nivel,180,180,Usado,3,2,2,Cubierto,2.0,No,No,Calle Ciega,Venezuela,Lara,Cabudare,La Piedad Norte,0.0
42000,VE 23-25817,Casa,1 Nivel,200,204,Usado,3,2,2,Cubierto,2.0,Parcialmente,No,Cerrada con Vigilancia,Venezuela,Portuguesa,Araure,Llano Alto,0.0
40000,VE 23-25812,Casa,Casas de Playa,300,800,Usado,4,3,3,Descubierto,5.0,Si,No,Cerrada con Vigilancia,Venezuela,Miranda,Rio Chico,Las Mercedes de Paparo,0.0
15000,VE 23-25798,Casa,1 Nivel,90,90,Usado,3,2,2,Cubierto,1.0,No,No,Publica,Venezuela,Aragua,Cagua,Prados de la Encrucijada,0.0
450000,VE 23-25785,Casa,1 Nivel,800,2088,Usado,7,10,9,Cubierto,8.0,No,Si,Cerrada con Vigilancia,Venezuela,Distrito Metropolitano,Caracas,La Lagunita Country Club,1.0
22000,VE 23-25784,Casa,1 Nivel,226,226,Usado,4,4,3,Cubierto,3.0,Parcialmente,No,Cerrada con Vigilancia,Venezuela,Lara,Cabudare,El Recreo,1.0
260000,VE 23-25783,Casa,Multipes Niveles,379,857,Usado,7,8,8,Descubierto,5.0,Parcialmente,Si,Publica,Venezuela,Distrito Metropolitano,Caracas,La Union,0.0
580000,VE 23-25781,Casa,Duplex,1100,2211,Usado,5,7,6,Cubierto,10.0,No,No,Cerrada con Vigilancia,Venezuela,Distrito Metropolitano,Caracas,La Lagunita Country Club,1.0
35000,VE 23-25780,Casa,Duplex,150,140,Usado,4,2,2,Cubierto,,No,No,Publica,Venezuela,Miranda,Los Teques,La Matica,0.0
60000,VE 23-25777,Casa,Multipes Niveles,367,283,Usado,4,4,4,Cubierto,2.0,No,No,Publica,Venezuela,Aragua,Turmero,Zona Centro,0.0
350,VE 23-25773,Casa,1 Nivel,246,288,Usado,3,5,3,Cubierto,2.0,Parcialmente,No,Publica,Venezuela,Zulia,Ciudad Ojeda,Calle Piar,2.0
29000,VE 23-25772,Casa,Multipes Niveles,62,62,Usado,2,2,1,Descubierto,2.0,Parcialmente,No,Cerrada con Vigilancia,Venezuela,Lara,Cabudare,Caminos de Tarabana,1.0
43000,VE 23-25768,Casa,Duplex,200,122,Usado,4,4,4,Descubierto,2.0,No,Si,Cerrada con Vigilancia,Venezuela,Lara,Cabudare,Trapiche Villas,0.0
12800,VE 23-25747,Casa,1 Nivel,80,166,Usado,2,2,2,Cubierto,2.0,No,No,Publica,Venezuela,Lara,Barquisimeto,Terrazas de la Ensenada,0.0
16500,VE 23-25746,Casa,Casas de Campo,204,204,Usado,3,2,2,Cubierto,4.0,No,No,Publica,Venezuela,Merida,Lagunillas,Lagunillas,0.0
35000,VE 23-25745,Casa,1 Nivel,167,229,Usado,5,4,4,Cubierto,3.0,No,No,Cerrada con Vigilancia,Venezuela,Carabobo,Municipio Naguanagua,Las Quintas,0.0
35000,VE 23-25743,Casa,1 Nivel,180,180,Usado,4,7,4,Cubierto,,No,No,Cerrada con Vigilancia,Venezuela,Aragua,Turmero,Valle Lindo de Turmero,3.0
140000,VE 23-25742,Casa,Multipes Niveles,450,1006,Usado,6,5,5,Descubierto,8.0,No,Si,Cerrada con Vigilancia,Venezuela,Miranda,Carrizal,Pan de Azucar,0.0
120000,VE 23-25740,Casa,Multipes Niveles,173,150,Usado,3,3,2,Cubierto,3.0,No,No,Cerrada con Vigilancia,Venezuela,Lara,Barquisimeto,La Rosaleda,1.0
350000,VE 23-25739,Casa,Duplex,293,507,Nuevo,3,3,2,Cubierto,4.0,Parcialmente,No,Cerrada con Vigilancia,Venezuela,Miranda,San Antonio de los Altos,Club de Campo,1.0
110000,VE 23-25710,Casa,Duplex,287,782,Usado,3,4,4,Descubierto,4.0,No,Si,Cerrada con Vigilancia,Venezuela,Distrito Metropolitano,Caracas,Caicaguana,0.0
115000,VE 23-25709,Casa,Contemporaneo,300,370,Usado,3,5,4,Cubierto,5.0,Parcialmente,No,Cerrada con Vigilancia,Venezuela,Carabobo,Valencia,Valles de Camoruco,1.0
260,VE 23-25707,Casa,1 Nivel,148,148,Usado,3,2,2,Cubierto,2.0,No,No,Cerrada con Vigilancia,Venezuela,Lara,Cabudare,Villa Roca,0.0
160000,VE 23-25706,Casa,1 Nivel,170,146,Usado,4,3,3,Cubierto,2.0,Si,No,Cerrada con Vigilancia,Venezuela,Carabobo,Valencia,Guataparo,0.0
340000,VE 23-25704,Casa,1 Nivel,374,1175,Usado,4,5,5,Cubierto,8.0,Parcialmente,No,Cerrada con Vigilancia,Venezuela,Carabobo,Valencia,Guaparo,0.0
600000,VE 23-25702,Casa,1 Nivel,521,1308,Usado,7,6,4,Descubierto,4.0,No,Si,Calle Ciega,Venezuela,Carabobo,Valencia,Carabobo,2.0
300,VE 23-25695,Casa,Duplex,62,62,Usado,2,1,1,Descubierto,1.0,Parcialmente,No,Cerrada con Vigilancia,Venezuela,Lara,Cabudare,Caminos de Tarabana,0.0
180000,VE 23-25684,Casa,Multipes Niveles,510,275,Usado,4,4,3,Cubierto,2.0,No,Si,Cerrada con Vigilancia,Venezuela,Distrito Metropolitano,Caracas,Macaracuay,1.0
300000,VE 23-25679,Casa,Multipes Niveles,600,720,Usado,5,7,6,Cubierto,4.0,Si,Si,Publica,Venezuela,Distrito Metropolitano,Caracas,Colinas de Bello Monte,1.0
79000,VE 23-25677,Casa,Duplex,283,619,Nuevo,4,4,4,Descubierto,4.0,No,Si,Cerrada con Vigilancia,Venezuela,Distrito Metropolitano,Caracas,Caicaguana,0.0
645000,VE 23-25676,Casa,Duplex,559,559,Usado,3,5,4,Cubierto,5.0,No,Si,Cerrada con Vigilancia,Venezuela,Distrito Metropolitano,Caracas,Los Naranjos del Cafetal,1.0
650000,VE 23-25671,Casa,Multipes Niveles,350,843,Usado,3,4,3,Cubierto,5.0,Parcialmente,Si,Cerrada con Vigilancia,Venezuela,Distrito Metropolitano,Caracas,Prados del Este,1.0
33000,VE 23-25668,Casa,Duplex,270,145,Usado,6,4,4,Cubierto,2.0,No,No,Cerrada con Vigilancia,Venezuela,Aragua,Maracay,Santa Rita,0.0
219000,VE 23-25667,Casa,Multipes Niveles,440,665,Usado,4,4,3,Cubierto,3.0,No,Si,Cerrada con Vigilancia,Venezuela,Distrito Metropolitano,Caracas,El Marques,1.0
60000,VE 23-25666,Casa,1 Nivel,235,235,Usado,3,2,2,Cubierto,,No,No,Publica,Venezuela,Miranda,Carrizal,Municipio Carrizal,0.0
14500,VE 23-25665,Casa,1 Nivel,70,100,Usado,2,2,2,Descubierto,2.0,No,No,Cerrada con Vigilancia,Venezuela,Lara,Cabudare,La Campina,0.0
590000,VE 23-25657,Casa,Multipes Niveles,840,1020,Usado,5,8,8,Cubierto,12.0,Si,Si,Cerrada con Vigilancia,Venezuela,Miranda,San Antonio de los Altos,Parque el Retiro,0.0
49000,VE 23-25655,Casa,1 Nivel,75,75,Usado,2,2,2,Cubierto,,No,No,Cerrada con Vigilancia,Venezuela,Distrito Metropolitano,Caracas,Lomas de Monte Claro,0.0
90000,VE 23-25654,Casa,Multipes Niveles,350,400,Usado,4,4,4,Cubierto,6.0,No,No,Publica,Venezuela,Merida,Merida,Zumba,0.0
200000,VE 23-25644,Casa,Duplex,750,750,Usado,4,5,4,Cubierto,4.0,No,Si,Cerrada con Vigilancia,Venezuela,Lara,Barquisimeto,Los Libertadores,1.0
95000,VE 23-25642,Casa,1 Nivel,725,725,Usado,5,4,2,Cubierto,8.0,No,No,Publica,Venezuela,Lara,Barquisimeto,Centro,2.0
77500,VE 23-25641,Casa,Duplex,155,155,Obra Gris,3,2,2,Descubierto,1.0,No,Si,Publica,Venezuela,Merida,Merida,La Pedregosa,0.0
77500,VE 23-25639,Casa,Duplex,155,155,Obra Gris,3,2,2,Descubierto,1.0,No,Si,Publica,Venezuela,Merida,Merida,La Pedregosa,0.0
14000,VE 23-25635,Casa,Duplex,138,142,Usado,3,3,2,Descubierto,2.0,No,No,Calle Ciega,Venezuela,Lara,Cabudare,La Montanita,1.0
77500,VE 23-25634,Casa,Duplex,155,155,Obra Gris,3,2,2,Descubierto,1.0,No,Si,Publica,Venezuela,Merida,Merida,La Pedregosa,0.0
77500,VE 23-25631,Casa,Duplex,155,155,Nuevo,3,2,2,Cubierto,1.0,No,Si,Publica,Venezuela,Merida,Merida,La Pedregosa,0.0
395000,VE 23-25628,Casa,Multipes Niveles,640,575,Usado,4,5,4,Cubierto,,No,Si,Publica,Venezuela,Distrito Metropolitano,Caracas,El Marques,1.0
70000,VE 23-25626,Casa,Multipes Niveles,427,388,Usado,6,5,5,Cubierto,4.0,Parcialmente,No,Cerrada con Vigilancia,Venezuela,Aragua,Turmero,El Nispero,0.0
85000,VE 23-25621,Casa,Multipes Niveles,250,120,Usado,3,4,4,Descubierto,2.0,No,No,Cerrada con Vigilancia,Venezuela,Lara,Barquisimeto,Los Cardones,0.0
75000,VE 23-25617,Casa,Duplex,197,197,Usado,5,5,5,Cubierto,3.0,No,No,Cerrada con Vigilancia,Venezuela,Barinas,Barinas,Altos de Barinas,0.0
50000,VE 23-25615,Casa,Multipes Niveles,232,232,Usado,5,3,3,Cubierto,3.0,No,Si,Cerrada con Vigilancia,Venezuela,Lara,Barquisimeto,Los Cardones,0.0
55000,VE 23-25610,Casa,1 Nivel,225,465,Usado,3,4,4,Cubierto,8.0,No,No,Publica,Venezuela,Lara,Barquisimeto,Avenida Libertador,0.0
140000,VE 23-25609,Casa,1 Nivel,720,450,Usado,5,5,5,Cubierto,,Si,No,Cerrada con Vigilancia,Venezuela,Zulia,Maracaibo,Monte Bello,0.0
190000,VE 23-25608,Casa,Duplex,219,219,Usado,4,4,4,Cubierto,2.0,Si,Si,Publica,Venezuela,Distrito Metropolitano,Caracas,Santa Ines,0.0
120000,VE 23-25607,Casa,Multipes Niveles,450,537,Usado,6,6,6,Cubierto,4.0,No,No,Publica,Venezuela,Distrito Metropolitano,Caracas,Los Guayabitos,0.0
25000,VE 23-25603,Casa,1 Nivel,258,635,Usado,5,6,6,Descubierto,4.0,No,No,Publica,Venezuela,Nueva Esparta,Margarita,Pedregales,0.0
238000,VE 23-25601,Casa,Multipes Niveles,301,200,Usado,5,5,4,Descubierto,3.0,Parcialmente,Si,Cerrada con Vigilancia,Venezuela,Distrito Metropolitano,Caracas,La Alameda,1.0
218000,VE 23-25600,Casa,Duplex,295,1000,Usado,4,4,3,Cubierto,10.0,Parcialmente,Si,Cerrada con Vigilancia,Venezuela,Distrito Metropolitano,Caracas,Las Marias,1.0
25000,VE 23-25597,Casa,Duplex,718,595,Usado,7,5,5,Descubierto,3.0,Si,No,Publica,Venezuela,Lara,Sarare,Simon Planas,0.0
140000,VE 23-25596,Casa,Colonial,400,200,Usado,4,5,4,Cubierto,6.0,No,No,Publica,Venezuela,Distrito Metropolitano,Caracas,Los Caobos,1.0
85000,VE 23-25594,Casa,Duplex,161,120,Usado,5,4,4,Cubierto,2.0,No,No,Publica,Venezuela,Lara,Barquisimeto,Parroquia Santa Rosa,0.0
150000,VE 23-25582,Casa,Duplex,261,261,Usado,4,3,2,Descubierto,3.0,Parcialmente,Si,Calle Ciega,Venezuela,Distrito Metropolitano,Caracas,La Trinidad,1.0
8500,VE 23-25570,Casa,Duplex,894,894,Usado,4,7,6,Cubierto,4.0,Si,Si,Cerrada con Vigilancia,Venezuela,Distrito Metropolitano,Caracas,Prados del Este,1.0
230000,VE 23-25569,Casa,Multipes Niveles,402,506,Usado,4,5,5,Cubierto,3.0,No,Si,Cerrada con Vigilancia,Venezuela,Distrito Metropolitano,Caracas,Las Esmeraldas,0.0
290000,VE 23-25567,Casa,Multipes Niveles,452,452,Usado,7,7,7,Cubierto,3.0,Parcialmente,Si,Cerrada con Vigilancia,Venezuela,Distrito Metropolitano,Caracas,Caurimare,0.0
28000,VE 23-25566,Casa,1 Nivel,71,242,Usado,3,2,0,Cubierto,3.0,No,No,Cerrada con Vigilancia,Venezuela,Aragua,Palo Negro,El Orticeño,0.0
249000,VE 23-25564,Casa,Duplex,329,500,Usado,5,5,4,Descubierto,3.0,No,Si,Publica,Venezuela,Distrito Metropolitano,Caracas,La California Norte,1.0
250000,VE 23-25561,Casa,1 Nivel,743,1162,Usado,4,6,4,Cubierto,6.0,Si,No,Cerrada con Vigilancia,Venezuela,Barinas,Barinas,Alto Barinas,2.0
1400000,VE 23-25550,Casa,Multipes Niveles,1222,919,Nuevo,4,7,6,Cubierto,15.0,No,Si,Cerrada con Vigilancia,Venezuela,Miranda,San Antonio de los Altos,Parque el Retiro,1.0
42000,VE 23-25548,Casa,1 Nivel,216,216,Usado,4,3,3,Cubierto,5.0,Parcialmente,Si,Cerrada con Vigilancia,Venezuela,Lara,Cabudare,Santa Cecilia,0.0
80000,VE 23-25545,Casa,1 Nivel,215,579,Usado,5,4,4,Cubierto,3.0,No,Si,Calle Ciega,Venezuela,Aragua,Maracay,Andres Bello,0.0
245000,VE 23-25543,Casa,Multipes Niveles,403,580,Usado,4,2,2,Descubierto,2.0,Si,Si,Cerrada con Vigilancia,Venezuela,Distrito Metropolitano,Caracas,San Luis,0.0
39000,VE 23-25542,Casa,Duplex,115,115,Usado,3,2,2,Cubierto,2.0,No,No,Cerrada con Vigilancia,Venezuela,Miranda,Guatire,Estancia Las Margaritas,0.0
100000,VE 23-25541,Casa,1 Nivel,287,287,Usado,5,3,3,Cubierto,3.0,No,No,Cerrada con Vigilancia,Venezuela,Distrito Metropolitano,Caracas,Santa Cecilia,0.0
20000,VE 23-25536,Casa,Multipes Niveles,111,111,Nuevo,3,3,2,Descubierto,2.0,No,No,Cerrada con Vigilancia,Venezuela,Lara,Cabudare,La Mora,1.0
48000,VE 23-25531,Casa,1 Nivel,275,275,Usado,4,2,2,Cubierto,5.0,No,No,Cerrada con Vigilancia,Venezuela,Lara,Barquisimeto,Fundalara,0.0
80000,VE 23-25526,Casa,Multipes Niveles,510,350,Usado,3,3,3,Cubierto,3.0,No,No,Publica,Venezuela,Distrito Metropolitano,Caracas,Guaicaipuro,0.0
190000,VE 23-25525,Casa,1 Nivel,680,680,Usado,5,4,4,Cubierto,6.0,No,Si,Cerrada con Vigilancia,Venezuela,Distrito Metropolitano,Caracas,Sorocaima,0.0
77500,VE 23-25517,Casa,Duplex,155,155,Obra Gris,3,2,2,Cubierto,1.0,No,Si,Publica,Venezuela,Merida,Merida,La Pedregosa,0.0
30000,VE 23-25515,Casa,1 Nivel,70,4028,Usado,2,1,1,Cubierto,,No,No,Publica,Venezuela,Falcon,Coro,Centro,0.0
77500,VE 23-25510,Casa,Duplex,155,155,Obra Gris,3,2,2,Cubierto,1.0,No,Si,Publica,Venezuela,Merida,Merida,La Pedregosa,0.0
77500,VE 23-25509,Casa,Duplex,155,155,Obra Gris,3,2,2,Cubierto,1.0,No,Si,Publica,Venezuela,Merida,Merida,La Pedregosa,0.0
130000,VE 23-25508,Casa,Multipes Niveles,358,1313,Usado,5,5,5,Descubierto,5.0,No,No,Publica,Venezuela,Miranda,San Antonio de los Altos,La Morita,0.0
115000,VE 23-25504,Casa,Duplex,230,230,Obra Gris,3,2,2,Cubierto,1.0,No,Si,Publica,Venezuela,Merida,Merida,La Pedregosa,0.0
18000,VE 23-25503,Casa,1 Nivel,117,117,Usado,2,2,2,Descubierto,2.0,No,No,Cerrada con Vigilancia,Venezuela,Lara,Cabudare,Prados del Golf,0.0
320000,VE 23-25502,Casa,Multipes Niveles,310,553,Usado,4,4,4,Descubierto,3.0,No,No,Publica,Venezuela,Miranda,San Antonio de los Altos,Parque el Retiro,0.0
250,VE 23-25495,Casa,1 Nivel,80,200,Usado,3,2,2,Descubierto,5.0,No,No,Cerrada con Vigilancia,Venezuela,Portuguesa,Araure,Llano Alto,0.0
60000,VE 23-25490,Casa,1 Nivel,360,360,Usado,6,2,2,Ninguno,,No,No,Publica,Venezuela,Lara,Barquisimeto,Parroquia Concepcion,0.0
36000,VE 23-25487,Casa,Multipes Niveles,203,200,Usado,3,3,3,Cubierto,2.0,No,No,Cerrada con Vigilancia,Venezuela,Aragua,Turmero,El Nispero,0.0
14000,VE 23-25483,Casa,1 Nivel,141,141,Usado,2,2,2,Descubierto,,No,No,Cerrada con Vigilancia,Venezuela,Lara,Cabudare,El Trigal,0.0
950000,VE 23-25470,Casa,Multipes Niveles,560,836,Usado,5,6,5,Cubierto,4.0,No,Si,Cerrada con Vigilancia,Venezuela,Distrito Metropolitano,Caracas,Macaracuay,1.0
140000,VE 23-25467,Casa,Colonial,400,200,Usado,4,5,4,Cubierto,6.0,No,No,Publica,Venezuela,Distrito Metropolitano,Caracas,Los Caobos,1.0
400000,VE 23-25460,Casa,1 Nivel,350,1756,Usado,4,5,4,Cubierto,,No,Si,Cerrada con Vigilancia,Venezuela,Miranda,San Antonio de los Altos,Club de Campo,1.0
290000,VE 23-25452,Casa,Multipes Niveles,420,428,Usado,3,6,5,Cubierto,4.0,Parcialmente,Si,Cerrada con Vigilancia,Venezuela,Distrito Metropolitano,Caracas,Prados del Este,1.0
115000,VE 23-25450,Casa,Duplex,230,230,Obra Gris,3,3,3,Cubierto,1.0,No,Si,Publica,Venezuela,Merida,Merida,La Pedregosa,0.0
35000,VE 23-25448,Casa,1 Nivel,366,366,Usado,4,6,4,Descubierto,3.0,Parcialmente,No,Publica,Venezuela,Aragua,Municipio Costa de Oro,Cuyagua,2.0
125000,VE 23-25444,Casa,Multipes Niveles,250,250,Obra Gris,4,4,4,Cubierto,2.0,No,Si,Publica,Venezuela,Merida,Merida,La Pedregosa,0.0
49000,VE 23-25442,Casa,Duplex,260,260,Usado,4,4,4,Cubierto,,Parcialmente,No,Cerrada con Vigilancia,Venezuela,Aragua,Municipio Linares Alcantara,Las Amazonas,0.0
220000,VE 23-25441,Casa,1 Nivel,700,1008,Usado,5,6,5,Cubierto,6.0,No,Si,Cerrada con Vigilancia,Venezuela,Distrito Metropolitano,Caracas,Lomas del Club Hipico,1.0
120000,VE 23-25439,Casa,Duplex,31870,324,Usado,4,4,4,Cubierto,2.0,No,No,Cerrada con Vigilancia,Venezuela,Portuguesa,Araure,Araure,0.0
1500,VE 23-25438,Casa,1 Nivel,950,450,Usado,9,9,6,Cubierto,12.0,No,No,Publica,Venezuela,Lara,Barquisimeto,Del Este,3.0
125000,VE 23-25435,Casa,Multipes Niveles,250,250,Obra Gris,4,3,3,Cubierto,2.0,No,Si,Publica,Venezuela,Merida,Merida,La Pedregosa,0.0
590000,VE 23-25430,Casa,Multipes Niveles,309,879,Usado,4,5,3,Descubierto,3.0,No,Si,Publica,Venezuela,Distrito Metropolitano,Caracas,Cumbres de Curumo,2.0
13500,VE 23-25422,Casa,1 Nivel,131,131,Usado,3,2,2,Cubierto,1.0,No,No,Cerrada con Vigilancia,Venezuela,Miranda,Guatire,El Castillejo,0.0
105000,VE 23-25415,Casa,Duplex,450,580,Usado,4,4,4,Cubierto,7.0,No,Si,Cerrada con Vigilancia,Venezuela,Lara,Barquisimeto,Santa Elena,0.0
270000,VE 23-25408,Casa,1 Nivel,360,225,Usado,4,5,4,Cubierto,4.0,Si,Si,Publica,Venezuela,Lara,Barquisimeto,Barici,1.0
120000,VE 23-25407,Casa,1 Nivel,525,525,Usado,5,4,4,Cubierto,,No,No,Publica,Venezuela,Lara,Barquisimeto,Los Libertadores,0.0
100000,VE 23-25395,Casa,1 Nivel,22047,367,Usado,5,5,5,Cubierto,5.0,Parcialmente,No,Publica,Venezuela,Carabobo,Valencia,La Trigaleña,0.0
35000,VE 23-25394,Casa,1 Nivel,317,317,Usado,4,3,3,Cubierto,2.0,No,No,Cerrada con Vigilancia,Venezuela,Yaracuy,Yaritagua,Municipio Peña,0.0
77500,VE 23-25393,Casa,Duplex,155,155,Obra Gris,3,2,2,Cubierto,1.0,No,No,Publica,Venezuela,Merida,Merida,La Pedregosa,0.0
115000,VE 23-25392,Casa,Duplex,230,230,Obra Gris,3,2,2,Cubierto,1.0,No,No,Publica,Venezuela,Merida,Merida,La Pedregosa,0.0
230000,VE 23-25391,Casa,Duplex,502,502,Usado,6,5,5,Cubierto,6.0,Parcialmente,Si,Publica,Venezuela,Distrito Metropolitano,Caracas,El Marques,0.0
26500,VE 23-25389,Casa,Duplex,110,108,Usado,4,3,2,Cubierto,2.0,No,No,Cerrada con Vigilancia,Venezuela,Miranda,Guarenas,Nueva Casarapa,1.0
290000,VE 23-25387,Casa,Duplex,500,500,Usado,4,5,5,Cubierto,5.0,No,Si,Cerrada con Vigilancia,Venezuela,Distrito Metropolitano,Caracas,Lomas de La Lagunita,0.0
145000,VE 23-25386,Casa,Multipes Niveles,431,874,Usado,4,5,4,Descubierto,5.0,Parcialmente,Si,Publica,Venezuela,Distrito Metropolitano,Caracas,Lomas de La Trinidad,1.0
125000,VE 23-25382,Casa,Multipes Niveles,250,250,Obra Gris,4,3,3,Cubierto,2.0,No,Si,Publica,Venezuela,Merida,Merida,Pedregosa Alta,0.0
80000,VE 23-25381,Casa,1 Nivel,200,151,Usado,4,3,3,Cubierto,4.0,No,Si,Publica,Venezuela,Distrito Metropolitano,Caracas,Santa Ines,0.0
120000,VE 23-25377,Casa,Multipes Niveles,980,2800,Usado,7,6,6,Cubierto,2.0,Parcialmente,Si,Cerrada con Vigilancia,Venezuela,Miranda,Municipio Guaicaipuro,Parcelamiento Cortada del guayabo,0.0
37000,VE 23-25374,Casa,Multipes Niveles,300,150,Usado,5,4,4,Cubierto,,No,No,Calle Ciega,Venezuela,Falcon,Coro,Centro,0.0
500,VE 23-25368,Casa,1 Nivel,250,763,Usado,1,1,1,Cubierto,4.0,No,No,Publica,Venezuela,Lara,Barquisimeto,Parroquia Catedral,0.0
150000,VE 23-25361,Casa,Duplex,159,2,Usado,4,2,2,Descubierto,3.0,Si,No,Publica,Venezuela,Merida,Merida,Apartaderos,0.0
30000,VE 23-25359,Casa,1 Nivel,200,200,Usado,3,2,2,Cubierto,2.0,No,No,Publica,Venezuela,Lara,Cabudare,Capaupel,0.0
690000,VE 23-25356,Casa,Duplex,757,757,Usado,3,3,3,Cubierto,5.0,No,Si,Cerrada con Vigilancia,Venezuela,Distrito Metropolitano,Caracas,Colinas de Bello Monte,0.0
160000,VE 23-25351,Casa,Duplex,253,320,Usado,5,5,4,Cubierto,3.0,No,Si,Cerrada con Vigilancia,Venezuela,Carabobo,Valencia,Trigal Norte,1.0
175000,VE 23-25349,Casa,Duplex,1230,381,Usado,12,8,6,Descubierto,4.0,No,No,Publica,Venezuela,Distrito Metropolitano,Caracas,Las Acacias,2.0
18900,VE 23-25348,Casa,1 Nivel,86,270,Usado,4,2,2,Descubierto,3.0,No,No,Cerrada con Vigilancia,Venezuela,Miranda,Cua,Quebrada de Cua,0.0
40000,VE 23-25343,Casa,Multipes Niveles,150,2845,Usado,3,4,3,Descubierto,8.0,No,No,Publica,Venezuela,Distrito Metropolitano,Caracas,Gavilan,1.0
280000,VE 23-25338,Casa,Multipes Niveles,420,764,Usado,4,5,4,Descubierto,5.0,No,Si,Publica,Venezuela,Distrito Metropolitano,Caracas,El Peñon,1.0
96000,VE 23-25337,Casa,Duplex,300,450,Usado,4,4,3,Cubierto,3.0,Parcialmente,Si,Publica,Venezuela,Distrito Metropolitano,Caracas,Colinas de las Acacias,1.0
950000,VE 23-25336,Casa,Multipes Niveles,1335,1335,Usado,5,10,7,Cubierto,8.0,No,Si,Cerrada con Vigilancia,Venezuela,Distrito Metropolitano,Caracas,Prados del Este,3.0
13000,VE 23-25333,Casa,Duplex,300,200,Usado,6,4,4,Cubierto,4.0,No,Si,Calle Ciega,Venezuela,Lara,Barquisimeto,Parroquia El Cuji,0.0
23000,VE 23-25330,Casa,1 Nivel,200,200,Usado,3,2,2,Descubierto,3.0,No,No,Cerrada con Vigilancia,Venezuela,Lara,Cabudare,El Valle,0.0
120000,VE 23-25326,Casa,1 Nivel,360,360,Usado,4,4,4,Cubierto,,Parcialmente,No,Publica,Venezuela,Lara,Barquisimeto,Barici,0.0
720000,VE 23-25320,Casa,1 Nivel,287,554,Usado,3,5,4,Cubierto,3.0,No,Si,Cerrada con Vigilancia,Venezuela,Distrito Metropolitano,Caracas,La Tahona,1.0
85000,VE 23-25319,Casa,1 Nivel,600,4247,Usado,7,8,6,Cubierto,6.0,No,Si,Publica,Venezuela,Lara,Cabudare,Agua Viva,2.0
170000,VE 23-25312,Casa,1 Nivel,511,400,Usado,4,3,3,Cubierto,,No,No,Cerrada con Vigilancia,Venezuela,Distrito Metropolitano,Caracas,El Marques,0.0
22000,VE 23-25309,Casa,Duplex,50,172,Usado,2,1,1,Descubierto,1.0,No,No,Publica,Venezuela,Merida,Merida,Avenida los Proceres,0.0
6500,VE 23-25308,Casa,1 Nivel,180,180,Usado,3,2,2,Descubierto,2.0,No,No,Publica,Venezuela,Lara,Cabudare,La Montanita,0.0
155000,VE 23-25306,Casa,Duplex,386,346,Usado,4,3,2,Cubierto,4.0,No,Si,Calle Ciega,Venezuela,Distrito Metropolitano,Caracas,La Trinidad,1.0
35000,VE 23-25303,Casa,Duplex,78,133,Usado,3,2,2,Descubierto,1.0,Si,No,Cerrada con Vigilancia,Venezuela,Miranda,Guatire,El Ingenio,0.0
20000,VE 23-25302,Casa,1 Nivel,200,200,Usado,3,2,2,Cubierto,,No,No,Cerrada con Vigilancia,Venezuela,Lara,Barquisimeto,Villas de Yara,0.0
450000,VE 23-25282,Casa,Multipes Niveles,350,3691,Usado,3,5,3,Cubierto,4.0,No,Si,Cerrada con Vigilancia,Venezuela,Distrito Metropolitano,Caracas,Los Naranjos del Cafetal,2.0
280000,VE 23-25266,Casa,Multipes Niveles,600,530,Usado,5,4,4,Descubierto,5.0,No,Si,Cerrada con Vigilancia,Venezuela,Distrito Metropolitano,Caracas,Oripoto,0.0
90000,VE 23-25262,Casa,Multipes Niveles,205,205,Usado,9,4,4,Cubierto,2.0,No,Si,Calle Ciega,Venezuela,Distrito Metropolitano,Caracas,La Paz,0.0
15000,VE 23-25256,Casa,1 Nivel,153,153,Usado,3,1,1,Cubierto,3.0,No,No,Publica,Venezuela,Lara,Barquisimeto,Parroquia El Cuji,0.0
25000,VE 23-25253,Casa,1 Nivel,38405,384,Usado,3,2,2,Descubierto,3.0,No,No,Publica,Venezuela,Portuguesa,Araure,El Pilar,0.0
160000,VE 23-25249,Casa,Duplex,500,325,Usado,5,5,4,Cubierto,,No,Si,Cerrada con Vigilancia,Venezuela,Distrito Metropolitano,Caracas,Santa Cecilia,1.0
87000,VE 23-25244,Casa,Duplex,452,452,Usado,6,4,4,Cubierto,10.0,No,No,Cerrada con Vigilancia,Venezuela,Lara,Barquisimeto,Colinas De Santa Rosa,0.0
250000,VE 23-25242,Casa,1 Nivel,750,780,Usado,7,5,4,Cubierto,8.0,No,Si,Publica,Venezuela,Distrito Metropolitano,Caracas,Colinas de Bello Monte,1.0
22000,VE 23-25241,Casa,1 Nivel,250,410,Usado,5,3,3,Ninguno,,No,No,Publica,Venezuela,Falcon,Coro,Centro,0.0
16000,VE 23-25234,Casa,1 Nivel,500,500,Usado,5,2,2,Descubierto,4.0,No,No,Publica,Venezuela,Zulia,Maracaibo,La Macandona,0.0
120000,VE 23-25228,Casa,1 Nivel,159,159,Usado,4,5,5,Cubierto,,Parcialmente,No,Cerrada con Vigilancia,Venezuela,Nueva Esparta,Margarita,Los Robles,0.0
350000,VE 23-25224,Casa,1 Nivel,323,459,Usado,4,5,4,Cubierto,4.0,Parcialmente,No,Cerrada con Vigilancia,Venezuela,Portuguesa,Araure,Le Jardin,1.0
80000,VE 23-25222,Casa,Multipes Niveles,234,210,Usado,4,3,3,Cubierto,4.0,Si,No,Cerrada con Vigilancia,Venezuela,Aragua,La Victoria,La Mora II,0.0
470000,VE 23-25214,Casa,Duplex,440,438,Usado,4,4,3,Descubierto,3.0,No,Si,Cerrada con Vigilancia,Venezuela,Distrito Metropolitano,Caracas,Santa Fe Norte,1.0
380000,VE 23-25213,Casa,Multipes Niveles,275,250,Usado,4,4,3,Descubierto,2.0,No,Si,Cerrada con Vigilancia,Venezuela,Distrito Metropolitano,Caracas,Los Samanes,1.0
300000,VE 23-25211,Casa,1 Nivel,420,915,Usado,4,3,3,Cubierto,,No,Si,Cerrada con Vigilancia,Venezuela,Distrito Metropolitano,Caracas,Prados del Este,0.0
20000,VE 23-25210,Casa,1 Nivel,361,361,Usado,2,1,1,Descubierto,3.0,No,Si,Publica,Venezuela,Falcon,Punto Fijo,Centro,0.0
120000,VE 23-25209,Casa,1 Nivel,211,275,Usado,3,3,3,Cubierto,,No,No,Publica,Venezuela,Distrito Metropolitano,Caracas,Santa Cecilia,0.0
16000,VE 23-25204,Casa,Multipes Niveles,343,172,Usado,3,4,3,Cubierto,2.0,No,No,Cerrada con Vigilancia,Venezuela,Distrito Metropolitano,Caracas,Corralito,1.0
16000,VE 23-25201,Casa,Duplex,95,108,Nuevo,3,3,2,Descubierto,1.0,No,No,Cerrada con Vigilancia,Venezuela,Lara,Cabudare,La Piedad Norte,1.0
800,VE 23-25194,Casa,Multipes Niveles,313,510,Usado,5,5,5,Cubierto,4.0,Parcialmente,No,Publica,Venezuela,Falcon,Punto Fijo,Judibana,0.0
160000,VE 23-25193,Casa,Multipes Niveles,213,510,Usado,5,5,5,Cubierto,4.0,Parcialmente,No,Publica,Venezuela,Falcon,Punto Fijo,Judibana,0.0
30000,VE 23-25190,Casa,1 Nivel,127,146,Usado,4,4,4,Cubierto,4.0,No,No,Publica,Venezuela,Lara,Cabudare,La Montanita,0.0
24000,VE 23-25186,Casa,1 Nivel,170,360,Usado,4,3,3,Cubierto,2.0,No,No,Publica,Venezuela,Falcon,Coro,Centro,0.0
390000,VE 23-25185,Casa,Colonial,430,1428,Usado,4,4,3,Cubierto,4.0,No,Si,Cerrada con Vigilancia,Venezuela,Distrito Metropolitano,Caracas,Tusmare,1.0
37000,VE 23-25183,Casa,1 Nivel,136,136,Usado,4,4,4,Cubierto,,Si,No,Cerrada con Vigilancia,Venezuela,Lara,Cabudare,Chucho Briceno,0.0
42000,VE 23-25182,Casa,1 Nivel,196,196,Usado,4,3,3,Cubierto,,No,No,Cerrada con Vigilancia,Venezuela,Lara,Cabudare,Cana Dorada,0.0
160000,VE 23-25181,Casa,Casas de Campo,2648,2,Usado,4,3,3,Cubierto,5.0,Si,No,Cerrada con Vigilancia,Venezuela,Lara,Cabudare,Agua Viva,0.0
16000,VE 23-25180,Casa,1 Nivel,74,148,Usado,3,2,2,Cubierto,,No,No,Cerrada con Vigilancia,Venezuela,Lara,Cabudare,El Amanecer,0.0
90000,VE 23-25178,Casa,1 Nivel,132,132,Usado,4,3,3,Cubierto,2.0,Parcialmente,No,Cerrada con Vigilancia,Venezuela,Lara,Barquisimeto,Las Trinitarias,0.0
30000,VE 23-25177,Casa,1 Nivel,115,115,Usado,3,2,2,Cubierto,,No,No,Cerrada con Vigilancia,Venezuela,Lara,Cabudare,Terra Mia,0.0
90000,VE 23-25176,Casa,1 Nivel,480,480,Usado,4,3,3,Cubierto,,Parcialmente,No,Cerrada con Vigilancia,Venezuela,Lara,Barquisimeto,Zona Este,0.0
180000,VE 23-25167,Casa,1 Nivel,580,804,Usado,5,5,5,Cubierto,,Parcialmente,Si,Publica,Venezuela,Anzoategui,Lecheria,El Morro I,0.0
25000,VE 23-25165,Casa,1 Nivel,71,101,Usado,2,1,1,Descubierto,3.0,No,No,Publica,Venezuela,Aragua,Maracay,Piñonal,0.0
150000,VE 23-25157,Casa,1 Nivel,650,2200,Usado,6,7,7,Cubierto,10.0,No,No,Publica,Venezuela,Aragua,Maracay,El Castaño (Zona Privada),0.0
150000,VE 23-25154,Casa,Multipes Niveles,380,380,Usado,7,6,6,Descubierto,4.0,Parcialmente,No,Publica,Venezuela,Lara,Barquisimeto,Centro,0.0
400000,VE 23-25153,Casa,Multipes Niveles,1100,780,Usado,11,14,11,Cubierto,6.0,No,Si,Cerrada con Vigilancia,Venezuela,Lara,Barquisimeto,Los Libertadores,3.0
120000,VE 23-25152,Casa,1 Nivel,747,747,Usado,4,3,3,Cubierto,,No,No,Publica,Venezuela,Aragua,Maracay,El Hipodromo,0.0
28000,VE 23-25149,Casa,1 Nivel,627,627,Usado,8,6,6,Descubierto,10.0,No,No,Publica,Venezuela,Zulia,Cabimas,R-10,0.0
200000,VE 23-25141,Casa,1 Nivel,464,463,Usado,3,1,1,Descubierto,1.0,No,No,Publica,Venezuela,Lara,Cabudare,Centro,0.0
55000,VE 23-25136,Casa,1 Nivel,120,428,Usado,3,2,2,Cubierto,,Parcialmente,No,Publica,Venezuela,Falcon,Punto Fijo,Puerta Maraven,0.0
57000,VE 23-25126,Casa,1 Nivel,104,202,Usado,3,3,2,Cubierto,3.0,No,No,Cerrada con Vigilancia,Venezuela,Miranda,Guatire,El Castillejo,1.0
500,VE 23-25098,Casa,1 Nivel,216,216,Usado,3,3,2,Descubierto,5.0,Si,No,Publica,Venezuela,Lara,Cabudare,Agua Viva,1.0
58000,VE 23-25097,Casa,1 Nivel,105,210,Usado,4,3,3,Cubierto,,Si,No,Cerrada con Vigilancia,Venezuela,Lara,Cabudare,Vista Verde,0.0
300000,VE 23-25096,Casa,Duplex,400,400,Usado,5,5,5,Cubierto,4.0,No,Si,Cerrada con Vigilancia,Venezuela,Distrito Metropolitano,Caracas,Colinas de Santa Monica,0.0
37000,VE 23-25081,Casa,1 Nivel,216,216,Usado,3,3,2,Descubierto,5.0,Si,No,Publica,Venezuela,Lara,Cabudare,Agua Viva,1.0
130000,VE 23-25070,Casa,Duplex,18050,180,Usado,4,4,3,Descubierto,2.0,Si,No,Cerrada con Vigilancia,Venezuela,Lara,Barquisimeto,Ciudad Roca,1.0
250,VE 23-25068,Casa,1 Nivel,150,150,Usado,7,4,4,Cubierto,,No,No,Publica,Venezuela,Lara,Barquisimeto,Parroquia Concepcion,0.0
150000,VE 23-25064,Casa,Colonial,838,838,Usado,5,5,5,Cubierto,4.0,No,No,Publica,Venezuela,Lara,Cabudare,La Piedad Norte,0.0
21000,VE 23-25056,Casa,1 Nivel,156,156,Usado,3,2,2,Cubierto,2.0,No,No,Cerrada con Vigilancia,Venezuela,Lara,Cabudare,La Piedad Norte,0.0
14000,VE 23-25053,Casa,1 Nivel,172,172,Usado,3,2,2,Cubierto,,No,No,Publica,Venezuela,Lara,Cabudare,La Piedad Norte,0.0
27000,VE 23-25040,Casa,Duplex,231,530,Usado,4,3,3,Cubierto,,No,No,Cerrada con Vigilancia,Venezuela,Lara,Cabudare,La Piedad Norte,0.0
21000,VE 23-25035,Casa,1 Nivel,130,130,Usado,3,3,3,Cubierto,,No,No,Cerrada con Vigilancia,Venezuela,Lara,Cabudare,La Mora,0.0
160000,VE 23-25029,Casa,1 Nivel,582,582,Usado,8,9,9,Cubierto,3.0,No,No,Cerrada con Vigilancia,Venezuela,Lara,Barquisimeto,Colinas De Santa Rosa,0.0
160000,VE 23-25021,Casa,1 Nivel,313,510,Usado,5,5,5,Cubierto,,Parcialmente,No,Publica,Venezuela,Falcon,Punto Fijo,Judibana,0.0
800,VE 23-25020,Casa,1 Nivel,313,510,Usado,4,5,5,Cubierto,,Parcialmente,No,Publica,Venezuela,Falcon,Punto Fijo,Judibana,0.0
190000,VE 23-25014,Casa,Multipes Niveles,360,396,Usado,6,6,5,Descubierto,6.0,Parcialmente,Si,Publica,Venezuela,Distrito Metropolitano,Caracas,Alta Florida,1.0
310000,VE 23-25005,Casa,Duplex,365,467,Usado,4,4,4,Cubierto,2.0,Parcialmente,Si,Cerrada con Vigilancia,Venezuela,Distrito Metropolitano,Caracas,Santa Paula,0.0
285000,VE 23-25002,Casa,1 Nivel,800,400,Usado,5,4,4,Cubierto,3.0,Parcialmente,No,Cerrada con Vigilancia,Venezuela,Distrito Metropolitano,Caracas,Colinas de Santa Monica,0.0
32000,VE 23-24999,Casa,1 Nivel,91,250,Usado,3,2,2,Descubierto,3.0,No,No,Publica,Venezuela,Falcon,Coro,Sector Los Perozos,0.0
25000,VE 23-24985,Casa,1 Nivel,85,120,Usado,3,3,3,Cubierto,2.0,Parcialmente,No,Publica,Venezuela,Falcon,Coro,Las Delicias,0.0
28000,VE 23-24980,Casa,Multipes Niveles,93,93,Usado,3,3,2,Cubierto,1.0,No,No,Cerrada con Vigilancia,Venezuela,Lara,Cabudare,Caminos de Tarabana,1.0
15000,VE 23-24978,Casa,1 Nivel,69,153,Usado,3,1,1,Cubierto,3.0,No,No,Cerrada con Vigilancia,Venezuela,Lara,Barquisimeto,Parroquia Tamaca,0.0
200000,VE 23-24974,Casa,1 Nivel,948,948,Usado,5,3,3,Cubierto,6.0,Parcialmente,Si,Publica,Venezuela,Falcon,Punto Fijo,Santa Fe,0.0
30000,VE 23-24973,Casa,1 Nivel,100,216,Usado,3,2,2,Cubierto,3.0,Parcialmente,No,Publica,Venezuela,Falcon,Punto Fijo,Puerta Maraven,0.0
35000,VE 23-24957,Casa,1 Nivel,750,750,Usado,4,4,4,Cubierto,3.0,Parcialmente,No,Publica,Venezuela,Distrito Metropolitano,Caracas,El Junquito,0.0
160,VE 23-24956,Casa,1 Nivel,99,144,Usado,3,2,2,Descubierto,2.0,Parcialmente,No,Cerrada con Vigilancia,Venezuela,Lara,Barquisimeto,Hacienda Yucatan,0.0
350000,VE 23-24955,Casa,Multipes Niveles,500,1045,Usado,7,7,6,Cubierto,4.0,Parcialmente,Si,Cerrada con Vigilancia,Venezuela,Distrito Metropolitano,Caracas,Prados del Este,1.0
20000,VE 23-24946,Casa,1 Nivel,226,226,Usado,3,2,2,Cubierto,3.0,No,No,Calle Ciega,Venezuela,Lara,Cabudare,Valle Hondo,0.0
39000,VE 23-24942,Casa,1 Nivel,203,200,Nuevo,3,2,2,Cubierto,2.0,No,No,Cerrada con Vigilancia,Venezuela,Aragua,Turmero,El Nispero,0.0
325000,VE 23-24926,Casa,Duplex,450,450,Usado,6,6,6,Descubierto,7.0,Parcialmente,No,Publica,Venezuela,Distrito Metropolitano,Caracas,Santa Monica,0.0
40000,VE 23-24925,Casa,Duplex,114,344,Usado,3,4,4,Cubierto,3.0,Parcialmente,No,Publica,Venezuela,Carabobo,Municipio San Diego,Morro II,0.0
69000,VE 23-24921,Casa,1 Nivel,28556,285,Usado,3,3,3,Cubierto,,No,No,Cerrada con Vigilancia,Venezuela,Portuguesa,Araure,Llano Alto,0.0
250,VE 23-24918,Casa,1 Nivel,102,102,Usado,2,1,1,Cubierto,1.0,Si,No,Cerrada con Vigilancia,Venezuela,Lara,Cabudare,La Puerta,0.0
24000,VE 23-24912,Casa,Duplex,101,101,Usado,4,2,2,Cubierto,2.0,No,No,Publica,Venezuela,Carabobo,Valencia,Los Caobos,0.0
850,VE 23-24909,Casa,Duplex,130,85,Usado,3,3,2,Descubierto,1.0,Si,No,Cerrada con Vigilancia,Venezuela,Anzoategui,Lecheria,Complejo Turistico EL Morro,1.0
40000,VE 23-24907,Casa,1 Nivel,30840,308,Usado,3,3,3,Cubierto,4.0,Si,No,Publica,Venezuela,Lara,Tocuyo,Municipio Moran,0.0
70000,VE 23-24906,Casa,Multipes Niveles,127,150,Usado,3,3,3,Cubierto,2.0,Si,No,Cerrada con Vigilancia,Venezuela,Distrito Metropolitano,Caracas,Monte Claro,0.0
295000,VE 23-24903,Casa,Multipes Niveles,340,405,Usado,3,3,2,Cubierto,2.0,No,Si,Cerrada con Vigilancia,Venezuela,Distrito Metropolitano,Caracas,Colinas de Santa Monica,1.0
110000,VE 23-24878,Casa,1 Nivel,330,330,Usado,3,3,3,Cubierto,3.0,No,No,Publica,Venezuela,Distrito Metropolitano,Caracas,Montalban I,0.0
85000,VE 23-24875,Casa,Casas de Playa,250,2165,Usado,5,4,4,Cubierto,5.0,Si,Si,Cerrada con Vigilancia,Venezuela,Miranda,Higuerote,Ciubalgue,0.0
45000,VE 23-24874,Casa,1 Nivel,290,659,Usado,4,4,4,Descubierto,10.0,Si,Si,Publica,Venezuela,Zulia,Maracaibo,Cantaclaro,0.0
75000,VE 23-24861,Casa,Colonial,763,763,Usado,4,5,4,Cubierto,6.0,No,Si,Publica,Venezuela,Lara,Barquisimeto,Centro,1.0
18000,VE 23-24859,Casa,Duplex,132,106,Usado,3,2,2,Descubierto,2.0,No,No,Publica,Venezuela,Lara,Duaca,Municipio Crespo,0.0
50000,VE 23-24856,Casa,1 Nivel,220,220,Usado,5,6,5,Cubierto,3.0,Parcialmente,No,Cerrada con Vigilancia,Venezuela,Lara,Cabudare,Villa Amanecer,1.0
1250000,VE 23-24854,Casa,Duplex,617,1200,Usado,5,7,7,Cubierto,12.0,Parcialmente,Si,Cerrada con Vigilancia,Venezuela,Distrito Metropolitano,Caracas,Colinas de Bello Monte,0.0
760000,VE 23-24853,Casa,Multipes Niveles,650,1800,Usado,5,6,5,Cubierto,4.0,Parcialmente,Si,Cerrada con Vigilancia,Venezuela,Distrito Metropolitano,Caracas,El Cafetal,1.0
150000,VE 23-24838,Casa,Duplex,350,530,Usado,3,4,4,Cubierto,,Parcialmente,Si,Calle Ciega,Venezuela,Distrito Metropolitano,Caracas,Montalban I,0.0
75000,VE 23-24832,Casa,1 Nivel,330,380,Usado,4,6,5,Cubierto,4.0,Parcialmente,No,Publica,Venezuela,Falcon,Punto Fijo,Judibana,1.0
15000,VE 23-24827,Casa,Multipes Niveles,347,780,Nuevo,6,6,6,Cubierto,4.0,Parcialmente,Si,Cerrada con Vigilancia,Venezuela,Distrito Metropolitano,Caracas,Los Naranjos del Cafetal,0.0
70000,VE 23-24821,Casa,1 Nivel,296,298,Usado,4,4,4,Cubierto,5.0,Parcialmente,No,Calle Ciega,Venezuela,Aragua,Cagua,Fundacagua,0.0
100000,VE 23-24817,Casa,Multipes Niveles,589,656,Usado,5,7,6,Descubierto,7.0,No,Si,Publica,Venezuela,Miranda,Guarenas,Guarenas,1.0
50000,VE 23-24816,Casa,1 Nivel,360,661,Usado,4,3,3,Descubierto,5.0,No,No,Publica,Venezuela,Aragua,Maracay,El Limon,0.0
70000,VE 23-24814,Casa,Duplex,470,200,Obra Gris,3,2,2,Cubierto,1.0,No,Si,Publica,Venezuela,Merida,Merida,Avenida los Proceres,0.0
60000,VE 23-24812,Casa,Duplex,200,200,Obra Gris,3,2,2,Cubierto,1.0,No,Si,Publica,Venezuela,Merida,Merida,Avenida los Proceres,0.0
69000,VE 23-24809,Casa,Duplex,295,295,Usado,5,3,3,Cubierto,4.0,Si,Si,Cerrada con Vigilancia,Venezuela,Lara,Barquisimeto,La Rosaleda,0.0
60000,VE 23-24808,Casa,Duplex,200,200,Obra Gris,3,2,2,Cubierto,1.0,No,No,Publica,Venezuela,Merida,Merida,Avenida los Proceres,0.0
47000,VE 23-24807,Casa,Duplex,1300,2624,Usado,6,3,3,Cubierto,4.0,No,Si,Publica,Venezuela,Lara,Cabudare,La Campina,0.0
75000,VE 23-24801,Casa,1 Nivel,408,247,Usado,5,3,3,Cubierto,5.0,No,Si,Cerrada con Vigilancia,Venezuela,Carabobo,Valencia,Trigal Norte,0.0
24000,VE 23-24798,Casa,1 Nivel,153,153,Usado,3,3,3,Descubierto,,No,No,Cerrada con Vigilancia,Venezuela,Lara,Cabudare,Horizonte,0.0
48000,VE 23-24794,Casa,Duplex,237,237,Usado,4,5,5,Cubierto,4.0,No,No,Cerrada con Vigilancia,Venezuela,Lara,Cabudare,Cana Dorada,0.0
445000,VE 23-24793,Casa,Multipes Niveles,400,450,Usado,4,4,3,Cubierto,3.0,No,Si,Cerrada con Vigilancia,Venezuela,Distrito Metropolitano,Caracas,Santa Sofia,1.0
63000,VE 23-24791,Casa,1 Nivel,375,240,Usado,4,2,2,Cubierto,3.0,No,Si,Publica,Venezuela,Merida,Merida,El Carrizal,0.0
350000,VE 23-24784,Casa,1 Nivel,700,2681,Usado,5,5,4,Cubierto,6.0,Parcialmente,Si,Cerrada con Vigilancia,Venezuela,Distrito Metropolitano,Caracas,La Lagunita Country Club,1.0
35000,VE 23-24782,Casa,Duplex,240,293,Usado,4,5,4,Cubierto,4.0,No,No,Publica,Venezuela,Lara,Cabudare,El Recreo,1.0
190000,VE 23-24770,Casa,Multipes Niveles,330,350,Usado,3,3,3,Cubierto,4.0,No,Si,Publica,Venezuela,Distrito Metropolitano,Caracas,Alto Prado,0.0
280000,VE 23-24768,Casa,1 Nivel,434,600,Usado,4,5,4,Cubierto,3.0,Parcialmente,Si,Cerrada con Vigilancia,Venezuela,Distrito Metropolitano,Caracas,Miranda,1.0
20000,VE 23-24764,Casa,1 Nivel,80,384,Usado,2,1,1,Cubierto,,No,No,Publica,Venezuela,Falcon,Tucacas,Santa Rosa,0.0
160000,VE 23-24762,Casa,Multipes Niveles,566,771,Usado,7,7,5,Cubierto,3.0,No,Si,Cerrada con Vigilancia,Venezuela,Carabobo,Valencia,La Trigaleña,2.0
800000,VE 23-24760,Casa,Duplex,546,869,Usado,6,6,6,Cubierto,5.0,Si,Si,Cerrada con Vigilancia,Venezuela,Carabobo,Valencia,Altos de Guataparo,0.0
110000,VE 23-24752,Casa,Duplex,235,235,Usado,5,5,4,Cubierto,3.0,No,Si,Cerrada con Vigilancia,Venezuela,Carabobo,Municipio Naguanagua,Ciudad Jardin Manongo,1.0
230000,VE 23-24748,Casa,1 Nivel,300,316,Usado,3,4,3,Cubierto,5.0,Parcialmente,No,Publica,Venezuela,Distrito Metropolitano,Caracas,Colinas de Los Chaguaramos,1.0
40000,VE 23-24737,Casa,1 Nivel,71,108,Usado,3,3,2,Descubierto,2.0,No,No,Cerrada con Vigilancia,Venezuela,Aragua,Cagua,La Trinidad,1.0
146000,VE 23-24736,Casa,1 Nivel,505,505,Usado,6,4,3,Cubierto,8.0,No,Si,Cerrada con Vigilancia,Venezuela,Aragua,Maracay,San Jacinto,1.0
250000,VE 23-24728,Casa,1 Nivel,236,1003,Usado,4,4,4,Descubierto,10.0,Parcialmente,Si,Calle Ciega,Venezuela,Aragua,La Colonia Tovar,La Colonia Tovar,0.0
85000,VE 23-24724,Casa,1 Nivel,400,200,Usado,4,5,5,Cubierto,3.0,Parcialmente,Si,Publica,Venezuela,Aragua,Maracay,Las Cayenas,0.0
70000,VE 23-24720,Casa,1 Nivel,183,163,Nuevo,3,4,3,Cubierto,3.0,No,No,Cerrada con Vigilancia,Venezuela,Lara,Barquisimeto,Colinas del Viento,1.0
400000,VE 23-24718,Casa,Multipes Niveles,600,1098,Usado,4,4,4,Cubierto,6.0,Parcialmente,Si,Cerrada con Vigilancia,Venezuela,Miranda,San Antonio de los Altos,Club de Campo,0.0
270000,VE 23-24712,Casa,Duplex,375,375,Usado,3,5,4,Cubierto,2.0,Parcialmente,Si,Cerrada con Vigilancia,Venezuela,Distrito Metropolitano,Caracas,Los Pomelos,1.0
90000,VE 23-24704,Casa,Duplex,330,330,Obra Gris,3,3,2,Cubierto,2.0,No,Si,Cerrada con Vigilancia,Venezuela,Merida,Merida,Avenida los Proceres,1.0
220000,VE 23-24702,Casa,Duplex,254,254,Usado,6,6,6,Descubierto,6.0,Parcialmente,Si,Cerrada con Vigilancia,Venezuela,Lara,Barquisimeto,La Rosaleda,0.0
